IndependentA,IndependentB,IndependentC,IndependentD,ControlA,ControlB,ControlC,Dependentvariable
1.353703,0.304821,0.068456,525.734942,198.2640076,3027.400024,967,1.224744871
1.291397,0.916032,0.068415,1232.044814,25721.80078,3109.644165,933.333333,9.458329662
1.137006,0.02314,0.065434,720.950558,25721.80078,343.057343,729.591837,8.625543461
0.58648,0.909135,0.057975,135.02294,757.7150269,14779.33691,14143.43434,3.605551275
0.069891,0.655068,0.02283,742.666373,81933.70313,22596.45508,666.019417,2.969848481
0.039323,0.029366,0.023223,596.734361,160.5099945,30620.09766,883,2.672077843
0.423835,0.204027,0.079914,816.834327,318.5350037,16235.35962,9662.626263,3.163858404
0.398763,1.161044,0.074951,890.165256,54.6912994,15127.56885,7939.393939,30.43994087
0.125592,1.330721,0.018629,1000.081655,90.1423035,23556.80908,8888.77551,10.78540681
0.095995,1.950182,0.020325,21.458717,81933.70313,10096.76971,11247.47475,3.823610859
0.258043,0.114821,0.108897,283.45201,623.6900024,11750.35547,2640.40404,15.03329638
0.153743,2.604198,0.011061,887.245313,90492.29688,18259.94336,23559.79381,30.22995203
0.155852,0.811388,0.012915,652.646582,428.8500061,20884.45703,22872.72727,9.2757749
0.138909,0.240477,0.015152,920.077305,11504.7002,15372.68164,12419.19192,7.409453421
0.105937,0.449835,0.016589,819.14316,389.2510071,29496.27148,3800,16.16415788
0.065992,0.054518,0.016803,242.333594,1365.48999,30308.60156,5576.530612,9.099450533
0.112075,0.606006,0.07494,1021.840993,43908.89844,31082.12695,29085.43689,6.704476117
0.124901,0.137589,0.074776,1764.700224,73674.79688,31369.46387,6265.625,12.1449578
0.150181,0.449734,0.007964,100.995364,90612,24193.82764,21828.43137,11.6447413
0.152344,0.348778,0.00938,206.311083,87614.5,21146.97754,15108,16.66193266
0.135369,0.01759,0.011127,639.940923,1456.130005,18096.29211,3588.888889,9.502631215
0.140976,1.527362,0.070803,825.655374,92538.89844,42064.27344,18592,10.55817219
0.188432,3.560657,0.077505,456.246257,99805.79688,28262.49512,37027.83505,13.84503521
0.248205,1.71443,0.080745,928.707133,97.6613998,33946.89258,42458,17.29335132
0.126112,0.02981,0.005932,447.972583,1727.670044,23113.29688,14733.67347,12.25724276
0.247843,6.179654,0.071715,299.181335,310.3659973,25648.22852,18245.09804,7.71362431
0.312282,3.997726,0.078591,417.409965,101408,36143.24805,36289.10891,20.57425576
0.387788,0.474375,0.08196,855.04255,1114.660034,32758.08008,29593.93939,31.71860653
0.420182,0.081441,0.08173,1095.8075,94150.70313,34488.45703,13669.38775,1.655294536
0.399034,16.782227,0.069465,884.505013,1748.660034,34022.90723,39837.5,12.93522323
0.442019,6.032828,0.075864,268.310786,101969,30507.73047,57006.06061,14.15379808
0.508636,0.122168,0.079285,193.71113,60.2947998,14449.59668,16076,8.584870413
0.527503,1.43967,0.069858,1825.982784,19155.09961,42958.96875,21612.87129,5.638262144
0.569226,0.011262,0.073633,1354.271145,100.3059998,6253.828613,13351.54639,7.228416147
0.013965,0.231027,0.02256,475.112281,657.4580078,5190.375122,21964.94845,40.48999877
0.00669,0.654048,0.019744,431.147661,76585.10156,2780.740942,16227,17.5509259
0.000921,0.105681,0.016435,1334.293904,57867.69922,2471.276489,1233,3.991240409
1.101468,1.124326,0.036391,1315.981218,98765.10156,21885.10742,9536.363636,5.592852582
0.731527,0.032894,0.045627,1702.785351,56.882,37334.14453,4335.92233,10.39230485
0.009754,0.222911,0.02158,239.938939,65.4229965,13774.92676,6669.69697,6.519202405
1.289577,0.093747,0.03603,1274.615857,103916,6526.255859,5215.686275,2.547547841
1.29554,0.985118,0.03689,1779.482146,104963,14530.02686,4967.326733,12.99153571
1.126431,0.455885,0.037463,610.438188,97344.89844,27127.52344,1820.20202,10.75499884
0.560684,0.003857,0.059973,403.824671,90875.89844,11407.30591,4478.350515,7.821764507
0.000188,0.020356,0.014547,427.692989,174.0209961,25721.39795,1119,10.72753467
0.605101,0.153623,0.17534,666.304041,277.2730103,17979.44189,1157.731959,0.839642781
0.679879,0.118125,0.204618,349.065383,95.5927963,23125.10352,100,0.953939201
0.006232,0.021679,0.010581,448.509712,73419.89844,7048.632812,208.080808,1.017349497
0.003778,0.12219,0.005303,613.449929,79.7261963,43983.10156,12767,7.216647421
0.0034,0.217841,0.007906,792.418271,79.7261963,19953.53564,9232.653061,11.44530471
0.617101,0.070059,0.06681,236.285886,90875.89844,18230.53125,4121,7.695453203
0.005218,0.296107,0.017212,239.519677,88823.20313,29387.38159,15786.40777,12.9034879
1.323976,0.194313,0.047415,33.836577,105777,42963.28418,912.621359,3.651027253
1.313968,0.561645,0.040546,956.711158,206.2689972,51477.29834,2862.244898,11.42431617
1.134904,0.135145,0.035937,1250.956376,206.2689972,25556.31445,250.505051,4.974937186
0.717956,0.708566,0.074968,1263.55711,3615.330078,37956.2832,22174.74748,1.509966887
0.554628,0.7799,0.073079,1577.145052,105370,28898.53027,5210.309278,9.479978903
0.223062,1.870445,0.068783,1110.610348,261.0780029,39044.46094,14729,11.3137085
0.09951,1.330002,0.064439,563.616988,211.022995,45416.60938,5241.414141,4.442971978
0.076719,6.216538,0.058828,620.801583,211.022995,54387.66992,20235.71429,8.749857142
0.079697,8.819987,0.054481,146.512053,110004,39572.59131,14259.59596,12.98075499
0.07975,0.019748,0.075014,416.379689,1092.729981,26461.38867,6487.878788,13.52312834
1.155883,5.955355,0.045218,330.453433,104815,59446.74609,8029.292929,4.572745346
0.988234,0.511272,0.038509,497.374797,115795,47052.84375,2334.951456,9.721111048
0.412943,2.026615,0.077659,1987.141141,109535,13721.9541,12356.56566,8.44985207
0.288753,2.89373,0.076138,2469.454328,109535,42954.39063,23235.05155,8.396427812
0.04334,6.001893,0.061716,1917.090993,101502,29724.25781,5048.039216,1.857417562
0.049141,7.663296,0.057148,1962.608825,114373,16766.3208,10477.31959,16.74634288
0.074315,0.012938,0.067225,256.483202,476.9060059,24600.4707,7668.686869,4.924936548
0.118419,0.330653,0.079555,1006.071566,702.4260254,27177.88965,16354.08163,2.665520587
1.009216,3.16633,0.065469,670.827788,916.1719971,33887.94238,25939,3.158322339
0.973489,7.328145,0.055099,1656.767856,115598,30555.29541,21400,24.19090738
0.802703,3.042444,0.047743,2642.908593,115598,49996.47656,11418.75,8.077747211
0.527697,0.092134,0.045897,3378.625079,115598,34774.9856,2836.27451,13.39776101
0.028916,0.787754,0.058637,2937.500801,106209,14260.87793,1292,9.315309979
0.10932,0.00988,0.079866,218.617367,476.9060059,33665.23438,5437.623762,5.133712107
0.167961,0.095971,0.090975,296.229708,816.65802,33167.67481,10476.76768,5.099019514
0.686174,0.216228,0.090238,130.554675,113464,48101.71875,1068.686869,2.897412639
0.793535,2.092927,0.078913,561.118514,118310,48435.48047,21569.38775,3.733630941
0.763492,2.593735,0.069589,131.43602,123919,59560.77148,19751.45631,20.74246851
0.606135,1.124496,0.062966,902.170787,123919,56350.72266,12191.91919,40.13315338
0.353422,0.227235,0.061276,2148.671793,123919,37222.49512,2528.282828,4.293017587
0.037273,0.361429,0.070813,1666.447755,172.6269989,62397.60352,4767.326733,18.40054347
0.062599,0.403957,0.086469,2610.356495,136572,53356.03906,4073.267327,3.622844187
0.107536,0.325136,0.094514,2858.517269,136572,56781.55469,2747.42268,4.935585072
0.158295,0.542225,0.100205,2510.203398,136572,52459.26367,2871.717172,4.718050445
0.199232,0.933381,0.101449,1125.5864,137189,43232.23438,4050.505051,3.33166625
0.232537,0.191389,0.11591,735.344758,141.8600006,36741.55273,1507,12.92942381
0.247415,1.100268,0.124172,117.909189,115025,29964.0885,4070.707071,3.249615362
0.256749,0.368663,0.125161,107.416463,822.2540283,36336.45117,9746.391753,7.799358948
0.489869,1.733693,0.106325,21.283903,1831.209961,56870.14746,1932.038835,4.314510401
0.573615,6.76989,0.098134,380.320021,118310,50998.89453,23271.875,6.349803147
0.552617,2.169141,0.091897,495.905601,133435,51118.29785,20958.58586,15.20411129
0.427163,1.917149,0.087188,160.050094,118954,61629.37695,17095.91837,15.70222914
0.234135,2.049569,0.087109,551.636197,118954,48314.08447,14253.39806,23.18620279
0.050545,2.015713,0.09785,850.055477,116.3899994,54012.87647,5340.816327,5.518151865
0.067424,3.539348,0.10681,580.586811,138.7870026,66556.53711,6557.731959,3.786819246
0.084856,3.513979,0.112905,527.730289,144785,56320.53418,23090.09901,5.409251335
0.104159,2.646701,0.121323,442.208846,152999,61850.80664,26642,27.66712851
0.120556,4.546777,0.127195,501.856466,146116,56141.26465,26155.88235,9.119210492
0.132471,7.474675,0.126645,1037.404262,219.9149933,40968.98047,13086.59794,9.413022894
0.130936,3.100128,0.120564,461.519933,65.2655029,49003.52539,12466.32653,7.38241153
0.107958,0.722923,0.10931,667.848119,126876,53936.12305,10725.25252,21.34244597
0.078027,0.746762,0.096557,46.437385,121636,30192.70215,8805.825243,28.8183969
1.117945,0.673009,0.34571,537.630159,146.6069946,1588.815613,445.454545,1.565247584
0.234089,0.328822,0.131366,158.880401,141.8600006,15491.18555,444.329897,4.270831301
0.248946,1.641074,0.138965,177.668745,115025,28261.10767,5686.407767,4.354308211
0.258257,0.572916,0.139678,253.219452,123737,51367.32031,4091,9.306986623
0.358752,6.958885,0.12799,125.816788,319.1239929,61519.7793,6933.333333,4.472135955
0.414514,19.839243,0.126602,170.349605,138462,51077.71484,26485,24.45414075
0.407537,5.043687,0.125082,278.163672,134596,59065.99805,10865.04854,12.66412255
0.138693,0.533577,0.131497,354.112758,152048,55047.61133,7515.306122,10.31891467
0.111085,2.690985,0.138971,912.336994,3156.790039,49914.06226,9112.745098,17.32483766
0.128632,6.532987,0.146842,1076.063081,138.7870026,47171.14746,11515.84158,23.72024452
0.1517,9.177493,0.15165,288.525427,161809,53349.44922,30474.4898,24.05410568
0.179797,4.786027,0.159428,344.829732,261.9089966,49589.00391,30488.88889,4.897958759
0.200883,5.187596,0.165147,479.248507,181.8119965,51257.28516,24436.73469,21.10687092
0.214677,6.112832,0.162501,778.317638,219.9149933,28098.875,17001.96078,11.99249765
0.222273,1.950963,0.152034,2188.799783,152297,48282.16504,27923,15.71623365
0.206065,1.675201,0.133646,1313.939359,147573,26160.84302,21566.66667,20.2682017
0.170893,2.234374,0.111922,472.309807,232.6560059,47393.07813,13320.61856,13.65576801
1.134629,0.978516,0.390935,274.624259,66838.5,1110.945435,782.524272,0.1
0.216276,0.012064,0.143115,260.640796,93585,28844.55273,648.979592,12.89651116
0.246211,0.050242,0.149359,335.750392,123737,53588.12891,2267.346939,10.06826698
0.272076,0.045001,0.146513,271.904168,130462,46116.42969,10165.34654,8.882004278
0.304037,0.509474,0.145504,291.216731,319.1239929,48039.17188,12896.07843,1.793042108
0.354236,5.301797,0.147057,194.540253,319.1239929,53558.88281,5555.102041,9.667729827
0.397933,15.421379,0.149636,226.581734,356.4779968,56191.52344,25269.69697,7.366817495
0.406869,5.262033,0.151359,49.160277,151753,58008.4707,23010.30928,2.533771892
0.285778,0.543356,0.15673,80.459902,138156,66205.68555,1219,40.95119046
0.206454,0.14711,0.164394,1119.676802,383.7399902,45064.97266,1096.969697,9.548821917
0.191189,5.991262,0.185,912.609604,154026,68962.50781,7812,12.40383005
0.227939,8.361727,0.190115,586.041232,725.5430298,58577.58789,19602,18.11767093
0.291211,3.913317,0.195769,357.657771,155767,50152.19922,23412.62136,6.593178293
0.341378,2.802615,0.199269,716.691941,158873,54202.67383,32977.08333,19.72992651
0.353947,2.887163,0.194786,1572.798608,151312,61054.58203,24517.17172,2.75680975
0.43003,0.005178,0.370628,218.283326,64021.39844,7232.586487,1154.639175,10.72753467
1.055052,0.303208,0.447732,151.984288,66838.5,500.399101,461.616162,2
0.192228,0.165044,0.164509,279.978182,116592,35672.92773,2143,5.596427432
0.2676,0.08535,0.167688,92.918004,130462,50179.66797,4112.5,14.39079567
0.316817,0.611276,0.170782,478.499738,130462,45910.61523,3304.040404,8.339064696
0.387463,1.1034,0.177816,228.40821,141102,49855.16504,23950,22.00249986
0.445064,6.348098,0.185108,130.465166,146389,23119.18359,25015.53398,9.938309715
0.465417,9.654051,0.192288,130.382267,1428.439941,80938.96094,11959.18367,11.50521621
0.383094,1.055654,0.209913,59.361925,138156,65552.45703,2259.375,7.870196948
0.328808,0.278089,0.223934,307.280404,162.7839966,87020.75781,3245.631068,13.05603309
0.320808,2.066363,0.241676,468.816435,165471,83844.8291,4365,14.5327217
0.381797,5.422566,0.257084,225.115169,159121,94862.9375,22812,24.42283767
0.465898,5.471654,0.264055,116.191505,90.3197021,93356.07519,28964.94845,11.59827573
0.591624,4.810888,0.267437,134.169428,164510,89462.23633,19934.34343,22.36962226
0.687212,5.076026,0.264161,763.944643,170335,90258.45898,29725,9.160513086
0.696742,4.218422,0.253565,254.009542,123404,85178.375,22229.12621,27.95478492
0.628614,7.228199,0.232798,644.990062,678.8619995,60377.28711,30055.6701,15.38262006
0.515988,17.716236,0.199825,438.430869,149167,72200.96387,27609.09091,4.5475268
0.450367,14.298253,0.165378,1126.684922,209.923996,63460.50586,29540.20619,3.386738844
0.517905,3.754275,0.146425,1176.363125,116.4039993,28328.18115,7883.495146,33.32649096
1.103944,1.200122,0.125112,743.822151,219.0110016,41627.32764,5919,7.924014134
0.986087,1.209908,0.130686,208.752571,112757,34936.58594,32750,12.56662246
1.064047,10.363839,0.000148,1673.861359,275.5490112,18868.40283,240.594059,3.313608305
0.547794,0.246469,0.317594,615.24089,175.0690002,628.503296,436.893204,1.218605761
0.66824,0.230413,0.397576,940.221046,60683.60156,2042.211487,716,9.439279634
0.099071,1.00E-06,0.16829,379.601085,132.7680054,16098.25537,759.59596,3.136877428
0.15409,0.993371,0.177173,417.43233,11852.09961,46881.18359,3986.597938,7.817928114
0.183908,0.31483,0.182127,329.949841,108094,46397.55469,842.574257,9.695359715
0.314974,0.187333,0.195934,130.557295,145125,65582.95313,4509.90099,4.559605246
0.410478,0.321613,0.206883,301.969637,126641,53593.77734,6734.020619,10.23327904
0.486712,3.00439,0.21993,133.118073,157208,79216.02344,5350.505051,33.28603311
0.488071,4.315131,0.274512,244.158851,165437,86924.59766,22968.36735,19.17028951
0.483075,2.295272,0.297851,68.477086,397.4790039,92336.16406,23776.76768,18.87299658
0.540207,3.485882,0.321389,72.368591,165471,89966.39063,20778.35051,20.20643462
0.683797,5.761465,0.340599,187.215847,294.4070129,102148.25,26122.54902,15.09105695
0.814343,4.520063,0.347594,201.0995,90.3197021,120874.8477,26030,13.11678314
1.000268,3.162282,0.347713,258.270633,172601,110614.9922,10415,16.59563196
1.131863,3.079754,0.33887,310.582485,123432,97440.54297,13234.02062,16.6021083
1.123541,4.025463,0.320057,474.34752,149.4539948,87739.875,7928.282828,18.04937672
1.004083,5.285284,0.292206,465.719314,651.7470093,104463.8906,13577,6.027852022
0.794994,10.363452,0.250513,505.526968,631.039978,109041.4375,16133.98058,13.91042774
0.638852,9.141843,0.209233,193.47962,620.0490112,59702.55078,23062.8866,11.79576195
0.688116,4.744409,0.186209,717.111463,1550.670044,53950.19531,26368.68687,31.07313953
0.872326,6.755637,0.159907,290.368792,3341.120117,53230.60547,29573.46939,52.06726419
1.06608,5.405032,0.142801,569.829884,134665,53262.68359,24029.41177,13.75699822
1.190375,3.481135,0.139989,314.827975,89486.29688,13677.64551,12619.80198,14.97330959
1.2255,2.870125,0.147088,1174.55121,89486.29688,38012.02148,8581.632653,4.796873982
1.094311,1.058263,0.1563,2156.591892,87038.20313,42783.30859,26611.11111,15.58845727
1.208783,9.828672,0.000215,270.879485,74.896698,35566.59766,1418.556701,23.31330092
1.329184,2.656226,0.001617,358.884399,40304.10156,19053.62158,1745.098039,5.937171044
0.133537,0.007773,0.171616,146.289439,98652.70313,57246.74902,2487.628866,5.273044661
0.149275,0.513449,0.184181,465.61677,97440.89844,46951.10059,4536.734694,1.838477631
0.558651,6.583621,0.306245,423.644122,790.65802,68625.42969,25179.16667,29.39846935
0.58262,7.436123,0.342749,302.395317,136.2189941,70290.41406,27663.63636,26.51744709
0.608988,6.433481,0.377313,192.955278,169915,90973.55859,38386,28.6352056
0.662216,2.439093,0.406787,154.480954,168458,88179.60156,39571.56863,16.3291151
0.811969,3.868367,0.426407,119.051635,170117,98125.50977,34888,20.17002727
1.047067,10.66139,0.437249,234.930246,1733.099976,102078.3633,31251.02041,18.95626545
1.249081,8.53437,0.438228,124.872543,329.9349976,113520.8242,28233.67347,19.01630879
1.526115,5.739265,0.431435,90.965996,2647.219971,123897.5273,29234,40.55884614
1.703736,11.930129,0.415045,316.360092,123432,104011.9219,20835.29412,32.58949217
1.668265,6.865303,0.388131,621.13359,459.9379883,87047.28125,2967.676768,9.245809862
1.471625,6.305772,0.354181,282.406091,161734,101311.2773,5302.020202,9.273618495
1.157962,8.155367,0.306908,514.976654,8251.110352,97432.45703,12375,12.9305839
0.870719,7.218614,0.258306,836.968591,620.0490112,72512.29883,10248.54369,10.88301429
0.823578,4.393681,0.230186,946.556839,146461,54875.11133,33708,8.756140702
0.917571,6.001453,0.196341,1115.885902,377.2919922,55774.32031,34557,18.05768534
1.046507,5.348788,0.171473,731.247758,2097.459961,72181.01758,25449.48454,20.89832529
1.136897,3.863571,0.163542,1347.283406,136612,60819.8125,9446.464646,46.85957746
1.160909,1.245887,0.169096,2255.323928,1537.650024,33350.76318,11657,11.56589815
1.006109,0.438944,0.010574,938.411799,155.1970062,11676.43426,160,0.509901951
1.144202,1.332198,0.323456,248.183589,57222.10156,6872.091309,309,0.994987437
1.293601,0.019526,0.401721,48.391946,157.0119934,7313.761475,202,2.449489743
0.254193,0.131399,0.191683,275.453938,105241,42614.13867,391,4
0.280842,0.703588,0.198067,348.296213,96203.70313,43568.95703,2197,5.08920426
0.303296,1.273153,0.202568,301.518801,97440.89844,44820.71094,13885.56701,10.81665383
0.227756,1.421482,0.205753,229.228919,119667,79657.28906,16711.76471,8.798863563
0.241834,6.365333,0.223839,71.169021,135375,110388.9414,20382.17822,24.06553552
0.291669,8.811253,0.245648,267.839591,135375,95139.85156,22198.97959,17.76935564
0.596036,1.09739,0.403743,190.262214,173162,82375.42188,14059.2233,23.87781397
0.66531,4.048015,0.460242,208.57995,155510,88965.64844,17069.69697,16.38596961
0.73339,7.260314,0.506915,477.309107,181097,93097.73438,30212.12121,17.04611393
0.833708,3.420252,0.540909,421.574589,184543,134338.7969,33416.49485,26.92210987
1.065969,4.349793,0.554458,156.439444,184685,128804.8789,27131.68317,19.22615406
1.426078,7.379099,0.552277,213.389929,164602,66845.67188,27644,27.81654184
1.710259,8.008604,0.540986,259.833284,163730,134588.6133,26644.55446,22.41249651
2.079454,14.493683,0.515789,493.347275,163730,144405.2969,23328.86598,27.74887385
2.296845,40.885242,0.487273,253.892619,2182.969971,118755.8516,18686.86869,3.966736694
2.232657,19.163982,0.451006,461.24485,173040,100909.1719,12401.0101,7.421590126
1.975788,17.097273,0.410099,1118.090726,929.2730103,97390.39844,14248.54369,9.019146301
1.56461,18.808005,0.359601,780.063129,929.2730103,107732.0547,22207.14286,19.8937176
1.134662,8.771543,0.306907,233.644135,141090,92963.21875,25990.90909,25.40659363
0.963103,3.413307,0.27445,971.466099,481.1730042,82518.14063,20712.37113,7.932212806
0.91594,10.447899,0.23209,1916.185536,150665,75652.41406,30689.21569,14.45683229
0.950646,8.421472,0.19993,1720.832162,246.2740021,72302.22656,23915,19.72941966
0.970912,4.118972,0.188183,2059.535622,132749,31344.91211,16243,18.51512895
0.958263,0.212504,0.190558,1658.546441,123675,32023.30176,2313.402062,15.00399947
0.83432,0.791799,0.199903,1781.054425,675.8699951,41592.84766,2876.767677,13.79347672
1.542948,0.112472,0.005361,1078.88318,245.5090027,13994.79346,414.141414,2.828427125
1.20625,0.709245,0.009669,309.172095,155.1970062,26314.875,403.921569,4.949747468
0.302591,2.110167,0.223765,382.962641,136.0200043,44641.33496,639.215686,3.605551275
0.373316,0.410056,0.223511,191.091951,105172,37468.11572,5029.591837,4.840454524
0.441325,1.421218,0.232879,330.916871,105172,39971.91699,21030.30303,8.785783972
0.472009,3.186015,0.235132,240.898962,118474,48044.33789,21781.4433,7.009636225
0.482213,4.700378,0.228486,131.08003,90267.39844,53836.86426,12032.03883,15.30147052
0.466503,5.057447,0.213926,308.207602,90267.39844,50150.42969,23886,25.91254522
0.414723,4.744307,0.204232,258.538129,90267.39844,58268.57129,17761.61616,48.43036238
0.339895,3.347925,0.214465,138.808887,90267.39844,68154.63086,17339.17526,29.9833287
0.280611,7.930015,0.250682,142.910211,128672,86987.33789,15778,32.69556545
0.289464,9.256846,0.291338,175.608775,128672,83858.61328,36295,19.10994505
0.636302,3.815747,0.526441,227.931114,372.5870056,94721.42969,11555.55556,17.59772713
0.740226,3.601474,0.598839,89.182575,228.8569946,111141.6914,9546.938776,17.23484842
0.842117,3.923015,0.65343,154.594739,9123.639648,131817.7793,27811.65048,27.86799239
0.963857,4.141714,0.688616,48.953454,179992,131918.7734,22160.60606,12.16552506
1.280232,7.074347,0.694933,105.728821,191422,128823.3516,22811.11111,10.37063161
1.752072,5.443332,0.677794,164.033806,270.6940002,160284.5625,19160.82474,26.9351072
2.114405,13.354672,0.651758,245.156374,160643,138587.3457,19942.57426,20.61067684
2.559288,19.072973,0.600659,260.560282,181.7429962,133311.2539,18404,3.198437118
2.809735,42.051533,0.547174,714.872537,173.7369995,118499.4297,15644.11765,29.71497939
2.746116,25.819216,0.498479,894.260539,164.6549988,97159.6875,7791.666667,14.00714104
2.449736,23.567214,0.450866,1341.865272,182714,96110.20117,30749.49495,45.91296113
1.987177,18.883781,0.398978,360.121422,929.2730103,70869.44141,29854.54545,37.51399739
1.483816,8.2421,0.343691,1058.757455,154089,60077.31055,22175.72816,35.60898763
1.191552,10.106584,0.307822,490.691231,149724,64285.74268,22012.12121,15.36603397
0.974894,20.938164,0.258996,476.959119,294.4190063,62048.29492,27870.40816,51.21035052
0.872236,12.185146,0.221261,88.335748,249.8339996,51751.29248,24424.74227,11.46036649
0.789094,5.772808,0.205152,697.758704,459.1610107,42872.2793,17562.7451,23.52658071
0.685934,2.034568,0.204144,890.149952,95695.79688,33700.20459,17522,31.87844099
0.237565,0.022887,0.212281,96.110136,95695.79688,914.586597,930.30303,5.304714884
1.451116,0.231894,0.004213,25.873073,245.5090027,11613.5304,198.019802,3.896151948
1.240268,5.138167,0.008095,804.498206,42.0200996,42457.06152,1612.371134,3.908324449
1.137013,0.044166,0.45256,294.837404,97.5626984,26620.00195,70.588235,1.688194302
0.356131,3.918839,0.251482,138.53323,94.8420029,49438.57813,1486.868687,11.58404075
0.471649,0.821047,0.261575,77.966895,94.8420029,39636.1875,4841,12.88700896
0.567625,1.194007,0.27389,58.901473,105122,44027.96484,19310.67961,2.69351072
0.608718,3.260707,0.273231,186.227698,205.8990021,61128.52734,25876.28866,16.60466802
0.624448,5.432623,0.260188,385.112831,85.4534988,55080.59766,13390.90909,6.569246532
0.608032,0.925663,0.235117,181.15302,85.4534988,57949.48438,2575.257732,7.331439149
0.547811,0.907196,0.214536,319.262467,125880,49467.54736,3277.669903,9.624188277
0.446174,0.923829,0.228831,226.855621,348.2640076,73219.28906,9575,5.332447843
0.342957,3.883752,0.287607,221.444903,129771,85819.86328,39985,9.959919678
0.319565,4.843712,0.348483,433.126388,129771,74313.54688,35421.875,13.97390425
0.406818,4.96862,0.452273,169.498066,162425,91178.80078,23457,20.75210833
0.546854,3.787074,0.557165,185.513977,1470.349976,104590.7344,14252,13.34728437
0.686801,5.602806,0.652326,46.552819,161260,97305.35156,23317.47573,46.87749993
0.815654,3.190624,0.735508,175.120038,167699,128120.5703,13919.58763,15.87450787
0.940429,1.285761,0.794876,227.836443,178363,129922.8789,8303.030303,22.74961538
1.086114,3.652098,0.830749,231.735992,178363,140521.0781,23036.08247,12.57020286
1.457446,8.86616,0.829536,234.318517,199872,143909.1406,28880.58252,19.58953802
1.990653,22.781816,0.797156,133.782821,821.9459839,178289.7656,15472,24.48571012
2.394461,47.657009,0.757068,242.811967,160292,147787.1953,17178.78788,16.43167673
2.905674,24.256081,0.681005,433.211674,1386.459961,144425.5469,5605.154639,9.119210492
3.212863,7.274456,0.600705,325.522586,472.2980042,130573.1758,2536,15.44749171
3.184273,27.259268,0.534499,157.60891,184643,102748.9688,6005,2.368543856
2.912315,31.657276,0.481111,414.050291,1187.400024,114644.9688,11436.27451,32.52914078
2.429296,18.839114,0.426339,476.987915,178808,66767.0332,12100,39.70201506
1.87468,22.905977,0.368255,344.763532,128146,82411.88281,8855.555556,11.28029255
1.548811,34.953369,0.328255,942.219877,128146,76305.55469,8882.828283,14.34991289
1.218868,28.42567,0.273459,416.987678,128146,70786.0625,7663.72549,22.69911893
0.977249,13.382997,0.231818,381.124164,128146,73092.25977,12027,10.26450194
0.747149,6.001345,0.211988,275.977399,129477,66732.03125,7863.265306,20.35927307
0.208883,0.521665,0.216854,126.712947,107.197998,27769.63184,9569.607843,14.74042062
0.16398,0.301133,0.212082,761.126918,107.197998,9068.881836,8737.373737,1.884144368
0.169116,0.518273,0.199406,512.87931,420.9639893,21621.99512,10467.67677,9.656603958
0.176343,0.529173,0.185758,580.717833,923.3410034,27965.55273,9692.783505,11.64602937
0.174803,0.370019,0.159217,1455.699069,2276.590088,34505.82617,8164.705882,3.309078422
0.158179,0.546274,0.034549,2004.477881,432.0450134,31083.11523,1788.888889,5.69473441
0.15464,3.808347,0.018706,1269.427606,303.4880066,45157.15625,9230,7.90569415
0.145692,3.910599,1.00E-06,845.420838,74998.39844,39030.41602,18427.27273,21.74511439
1.290445,2.365499,0.004573,178.803338,42.0200996,38670.67578,308,1.587450787
0.821915,1.71846,0.007364,114.43567,334.17099,41199.76563,709.803922,7.370210309
0.320357,1.005381,0.279946,161.333385,90202,34826.64453,9743,10.85357084
0.40164,0.766576,0.287965,131.634051,93944.5,39318.50781,28956.43564,27.99937499
0.545976,1.140992,0.310276,356.769733,101637,40482.0293,18911.34021,18.69331431
0.662322,3.367692,0.324845,334.710329,101637,45797.45019,20163.26531,11.24388723
0.710205,6.251978,0.32082,268.595004,194.0019989,51954.32227,21366,25.66758656
0.715933,11.332079,0.301057,309.862386,116902,42619.12207,8949.514563,5.405552701
0.640541,0.002461,0.233668,243.608549,116902,73737.04981,8352.525253,5.224461695
0.545589,1.322166,0.254303,104.342822,116902,72853.15039,10118.5567,14.77836256
0.439429,3.940616,0.331537,112.345102,116902,74308.94238,19361.76471,12.90929897
0.404619,3.98323,0.408532,406.422218,139433,63763.76563,18247,10.9672239
0.481889,1.578356,0.534457,516.267144,159874,82960.68555,19394,14.03602508
0.615087,0.370303,0.656998,139.597435,163686,76841.89063,17934.02062,20.174241
0.761466,2.719044,0.765497,111.985986,166369,104324.2285,21111.11111,46.1356695
0.899034,6.222566,0.856421,376.074604,169550,108784.9023,15101.9802,21.01190139
1.03264,3.464203,0.916671,248.049418,169550,108165.3027,11070.58823,8.217055434
1.200178,3.746212,0.949555,235.68481,1347.069946,118667.5781,13665.30612,11.18033989
1.557203,7.826191,0.940037,301.429086,198880,110738.5996,24082.65306,2.147091055
2.075647,17.576584,0.895053,79.328102,191033,143330.0313,16888.88889,30.67246322
2.476684,32.284108,0.843278,117.381486,169648,141312.75,13518.81188,17.76935564
3.008359,16.366262,0.745126,389.288534,226.9839935,141361.9375,3018.811881,34.64101615
3.369873,15.910717,0.640889,105.157082,179080,120680.0996,4067.346939,6.45368112
3.413676,51.798287,0.555419,263.716115,172.7129974,134189.9063,8916.161616,12.61606119
3.20487,59.096773,0.494748,539.720064,157602,116261.7129,14208.16326,41.07919181
2.752922,26.972414,0.437353,315.111279,173135,83586.16894,14916.50485,13.75263611
2.294634,46.992613,0.375667,413.546863,154137,71209.38477,10132,16.43167673
2.067469,60.345476,0.332054,391.469046,914.6339722,68280.99805,17784.69388,13.36038922
1.54376,11.208277,0.227107,85.852026,155585,53159,19472.27723,10.5470375
1.159927,7.423051,0.205739,372.260506,138208,55935.51172,19803,13.15294644
0.713831,4.414375,0.199359,99.39884,695.3499756,48527.90918,23879.41177,20.51828453
0.20442,4.165595,0.205547,438.429718,486.1520081,38991.91455,10012.12121,18.81595068
0.174276,2.080895,0.200097,195.633583,99276.5,33220.07031,6950.505051,13.4617978
0.177457,1.604208,0.186797,168.214037,98817.79688,38602.98535,9617.475728,8.794884877
0.185066,3.437117,0.173095,177.301072,98817.79688,45437.78711,17882.82828,19.12367642
0.186255,3.109653,0.147162,508.941031,952.992981,33564.15942,15131.63265,8.01249025
0.179986,2.291573,0.117294,848.900217,952.992981,43108.84961,17014.43299,25.92971269
0.16963,2.75445,0.0559,1012.522264,63.9039993,35661.6543,5981,3.591656999
0.161975,0.455585,0.035981,960.682559,63.9039993,18002.72565,4748,13.6381817
0.156568,3.950545,0.020407,161.888028,63.9039993,28836.58789,21231.95876,11.79957626
0.14025,7.064923,0.00834,1059.025245,162.3939972,33380.69678,29409.09091,24.71841419
0.119212,2.761632,0.000943,1871.105022,162.3939972,24358.95264,21845,14.38593063
0.110196,2.743846,1.10E-05,1290.5106,699.572998,36572.84131,24048.54369,19.31942028
0.610609,0.13702,0.370354,134.305064,99060.20313,68687.46484,7651,10.86692229
0.735975,0.603582,0.38929,177.688996,101906,44108.19531,21750.49505,10.47687931
0.64807,1.254531,0.289157,455.148206,62.3030014,30455.99609,12995.9596,7.577598564
0.530682,1.504372,0.466876,583.641094,139433,94384.50781,17400,22.27947486
0.599516,0.650738,0.611537,214.664477,150186,112055.1406,23592,15.9246664
0.726812,0.275885,0.753093,201.164078,151618,94445.76563,15579.61165,4.7386707
0.880368,6.109849,0.874678,158.644289,151618,88016.86328,20616.32653,20.14696007
1.001648,16.439129,0.969329,120.057976,1267.5,97676.82813,26108.16326,30.86065456
1.114545,12.394016,1.023807,173.483747,4085.179932,109319.2305,28321.64949,27.91290024
1.284393,7.901968,1.045232,84.471699,174109,109563.2734,23934.95146,24.04994802
1.578901,5.808293,1.022651,171.540488,194443,106420.0234,24650,11.8911732
2.017437,8.757153,0.964844,58.45689,362.2189941,138653.0313,23679,11.46145715
2.383394,18.267294,0.903707,351.569166,191506,148120.9375,17677.31959,11.45643924
2.894664,16.414239,0.78796,172.416055,1105.98999,148731.6094,9391.919192,19.96935152
3.258701,27.739769,0.664661,321.690645,2116.830078,126986.5156,7842,5.310367219
3.374001,45.399199,0.561546,303.4829,156562,131661.4063,15378.64078,13.79075777
3.246833,49.481857,0.491026,355.949386,176.2310028,115042.7305,18626.80412,2.286919325
2.712717,63.564568,0.367644,343.625187,1283.699951,75609.71875,17553.60825,38.68313586
2.619977,86.31369,0.323581,399.51052,169526,78881.47656,17830.09709,34.87520609
2.485425,72.01108,0.262352,368.207042,157202,67910.94531,19262,24.20743687
2.254857,22.850161,0.216131,566.283258,140131,68082.94141,23144.44444,18.72164523
1.790076,5.023326,0.193365,390.218884,729.7670288,56078.54688,19502.06186,18.07761046
1.202045,3.264669,0.186239,171.826493,140416,61168.52148,25167,39.58535083
0.66005,8.699671,0.188219,191.750101,102080,63870.30469,28129,23.23617869
0.296095,7.283219,0.188196,55.709892,102080,47523.19141,17122.54902,27.90161286
0.186488,1.697306,0.180666,489.463481,102080,31158.47852,9551.546392,15.02264957
0.167532,0.355906,0.16649,320.593541,102080,33456.82227,9421.212121,10.83051245
0.168654,1.961051,0.153363,226.887151,102080,24238.12305,18122.44898,17.11724277
0.171532,1.853064,0.129138,625.463004,102080,35996.89453,11900.97087,6.432340165
0.166538,1.101895,0.102657,404.138255,133.9750061,47946.1875,20133.33333,20.39889703
0.149769,3.503183,0.051951,156.897792,590.2540283,42507.88281,16390.72165,2.368543856
0.142672,0.292354,0.035015,1220.238998,93226.5,22920.64746,4000,18.72057691
0.138871,0.309674,0.019986,1153.130974,90738.79688,29346.25391,12559,2.258317958
0.124634,1.147814,0.008067,1557.249134,90828.70313,29032.07324,23742.57426,12.26458316
0.104556,0.826302,0.000841,2685.085546,1382.640015,23484.0293,23349.48454,10.86784247
0.091303,0.925355,5.00E-06,1760.482209,87899.70313,48626.59766,21509.09091,11.00795167
0.688627,0.021388,0.420347,411.815522,100215,64698.58984,693.939394,3.968626967
0.832732,0.195309,0.4421,177.152917,135.5970001,47400.05371,2992.929293,10.9772492
0.643022,0.533611,0.413439,350.234327,320.8340149,89384.08887,4009,8.945669343
0.626359,2.559239,0.506357,160.678482,143254,86936.21875,14242.57426,7.141428429
0.832945,0.203449,0.81918,150.826514,11290.2998,96519.01953,16783.83838,13.20757358
0.980956,5.72574,0.951278,277.285944,174618,94179.1543,24524.24242,13.1537067
1.093729,12.229997,1.04779,75.475935,167392,108222.0742,18370.87379,16.04867596
1.179502,13.141643,1.095133,52.675514,167392,105365.041,20000,27.55902756
1.312297,8.453678,1.105454,113.114013,167392,108105.1641,15656.56566,20.30898816
1.546677,6.594174,1.067322,38.578378,174684,103718.002,24743.29897,12.62141038
1.903606,9.651817,0.992097,192.958284,170207,116764.1094,25531.37255,18.35701501
2.211143,21.302763,0.923337,107.733939,1135.060059,145271.0098,18310,20.46948949
2.680696,32.8725,0.798761,73.642814,162027,161084.2813,13749,32.62882162
3.222582,63.031597,0.555603,348.829011,213.8580017,150457.9844,19511.11111,18.24828759
3.172791,49.527836,0.477403,474.719637,176.1119995,113286.9941,17673,14.0890028
3.005848,50.719433,0.417815,543.368475,21575.90039,80897.36133,28235.92233,13.87083271
2.914091,125.846855,0.354802,353.557778,897.5819702,71337.60547,17646.39175,35.24202037
2.896447,168.884064,0.311928,150.297517,1167.729981,85155.63867,12607.07071,12.58928116
2.850004,114.231628,0.252318,312.64545,128.9949951,69003.64453,22477.31959,15.28528704
2.648975,38.971096,0.206195,136.287451,128.9949951,89619.47461,20714.56311,9.1126286
2.164223,8.327449,0.182893,539.948125,140435,106711.0938,8544,10.75499884
1.523558,3.271086,0.174759,935.80029,111976,56872.55371,24420.20202,3.482814953
0.885785,5.917792,0.176061,498.415822,111976,31032.4624,21641.23711,9.217374897
0.191488,0.163965,0.165568,915.045844,79172.10156,13470.27881,3301,6.405856695
0.145426,0.195696,0.137005,1093.400973,75128.10156,12005.24902,5061.458333,15.13274595
0.147138,0.3766,0.114513,837.413016,75128.10156,33450.7583,4126.262626,14.54200811
0.117148,1.088485,0.032646,868.33352,283.1279907,22989.95129,16625.25252,11.0806137
0.085749,0.783683,0.000557,1866.581341,87899.70313,26076.48438,11553.92157,10.5
0.39213,0.432089,0.22145,431.880382,88917.29688,22843.57227,3123.469388,13.28156617
1.298611,0.1014,0.498265,403.949529,1511.219971,60672.43555,434.313725,1.532970972
1.551613,0.437684,0.523619,151.528497,213.2310028,55807.26953,2479.381443,0.871779789
0.836029,3.056075,0.571388,161.63221,143254,90891.35938,12028.71287,8.170067319
0.920876,6.263934,0.74377,461.643845,169.5420074,133739.668,14427,15.94819739
1.043885,2.4891,0.917202,98.72604,162139,104167.5078,11640.59406,42.59612658
1.18574,3.055059,1.06097,311.565305,609.7180176,95342.20703,22525.7732,12.77497554
1.309359,7.469031,1.160135,135.345874,154651,83982.02344,23246.46465,19.33571824
1.374557,16.137197,1.197064,208.199527,156720,102172.8164,25213.13131,11.83807417
1.428887,17.540431,1.189751,317.489187,284.2279968,96174.75,20379.61165,6.32455532
1.51661,12.9227,1.127829,433.060261,739.1920166,96905.26563,21072.72727,29.6017736
1.924738,31.293259,0.935417,105.402182,161113,138916.4922,17845.36082,11.71494772
2.335354,37.903059,0.791635,62.514962,161113,123485.2578,11908.82353,17.89930166
2.697016,72.15152,0.649476,220.389784,131.5659943,97320.6875,17529,15.41135945
2.881237,89.563145,0.529422,356.889524,184855,135002.0469,23296.0396,9.343446901
2.911786,59.607592,0.443568,558.29632,337.3210144,98384.57031,21202.06186,20.94039159
2.931898,44.541861,0.387817,510.437733,149617,85751.94922,18885.71429,15.5241747
3.032544,88.363029,0.329678,728.467033,130.1150055,74776.21875,17840.59406,33.56069129
3.113695,107.555138,0.28899,294.531846,162.0500031,38496.43359,6923.529412,12.23458213
3.144966,57.170687,0.233478,48.561052,1948.209961,58734.53906,5524.242424,10.44772703
3.011337,26.156492,0.18977,1270.950253,763.2089844,95334.97266,2498.979592,18.36954001
2.54542,6.609084,0.166892,893.317488,130685,120479.5,6422.222222,10.93160555
1.876469,6.650679,0.156078,1404.819097,132594,60714.17578,11686,19.18749593
1.138551,4.952068,0.155078,1065.155079,100042,63427.91406,8825.490196,37.84223831
0.517261,0.736014,0.151704,67.297585,100042,40048.7959,5711.22449,1.454303957
0.112126,0.001198,0.123588,1325.406138,95400.39844,45203.49609,2294.845361,15.57257204
0.478019,0.065261,0.177448,210.378461,44851.5,21000.96387,317.525773,1.587450787
0.280861,0.235337,0.189253,22.585824,44851.5,26866.52832,3137.373737,2.554407955
2.523744,0.084547,0.568343,47.60583,2192.899902,64700.60644,23,1.732050808
2.988959,0.051434,0.597541,194.700824,699.9559937,62624.99609,20,1.218605761
1.234611,2.242175,0.6443,339.694715,132431,82425.95313,11136.36364,6.396874237
1.30725,12.06956,0.820746,259.719364,169.5420074,150880.875,24447.42268,19.57370685
1.367276,8.223536,1.001003,203.339863,159135,143300.7188,16159,21.58703314
1.508808,2.678241,1.149392,286.161583,634.4370117,87429.09961,21887.12871,18.05616238
1.680097,6.082814,1.249048,111.301803,162867,85745.12109,24730.69307,15.20526225
1.694752,21.842972,1.255916,181.727369,2228.479981,91826.72266,24998.97959,17.85287092
1.621855,22.177994,1.173133,240.886227,1231.189941,94267.5625,26828,24.40348336
1.609527,20.881748,1.046244,581.623609,1240.619995,105112.5039,34393.06931,27.32361616
1.723482,17.70306,0.939789,496.88006,175.9730072,149779.918,32539,15.90990258
2.030273,9.028577,0.770788,191.709913,175.9730072,118191.3711,26398.97959,28.64960733
2.316733,11.594654,0.615003,73.655236,175428,98620.89063,20294.9495,10.85011521
2.456962,27.763036,0.490925,95.009959,154406,111922.0586,20213.13131,19.94743091
2.494157,17.203335,0.402692,227.74048,154406,98744.69727,23550.48544,10.97155413
2.642616,10.852047,0.351437,218.177374,120896,69851.91602,25529.59184,11.94110548
2.91229,18.185457,0.301162,549.867798,120896,67571.84766,20551.51515,14.9365324
3.074043,25.457336,0.264776,528.308134,134037,78007.29102,20445.36082,26.09195278
3.201418,46.815565,0.213753,237.667377,185.0910034,94003.64063,7738.235294,27.9217657
3.166382,37.133186,0.1739,455.005931,106.6549988,81130.05273,1745,1.334166406
2.778428,4.738693,0.15162,619.01563,153.4649963,88225.21094,2597,4.549725266
2.124672,6.675752,0.138416,385.426329,132413,41029.68335,2527.835052,2.964793416
1.305301,4.757579,0.13349,102.362406,347.9599915,54274.17383,5825.252525,8.405355436
0.571223,0.382173,0.127242,2094.311658,442.3940125,43525.98535,3646,10.69579357
0.073752,0.458382,0.097589,2178.139416,98857.10156,47301.68457,7232.989691,10.58560343
0.060838,0.387988,0.084728,422.654261,95400.39844,22439.3125,4336.363636,1.760681686
0.052977,0.084267,0.066242,576.154301,95400.39844,30738.80127,292.783505,3.039736831
2.21214,0.024399,0.497598,196.024799,2074.959961,40048.5957,99.029126,1.732050808
3.082617,0.326032,0.555053,269.197551,261.7070007,55897.29297,154,0.556776436
4.318847,0.291831,0.617388,111.266178,2031.109985,56761.81836,510,1.679285562
5.115259,0.332024,0.649247,134.504925,84370.79688,62932.03711,29.896907,1
4.331758,0.001491,0.599233,354.806573,268.0950012,62338.11719,7024.752475,5.562373594
3.122811,0.31334,0.537033,83.1307,71691.39844,61045.01953,1085.294118,4.091454509
2.023284,0.313439,0.49152,374.129849,118560,64965.18945,994.897959,2.839013913
1.620958,2.079183,0.519148,440.270511,532.3250122,63534.28125,8093.877551,16.32482772
1.885313,1.514299,0.70764,59.443195,132431,92046.9375,3779.207921,8.124038405
2.055129,5.632116,0.879044,218.89153,132431,205873.0156,10734.31372,19.36917654
2.196846,8.142597,1.053115,122.653068,147199,110578.5234,16969.07217,9.233092656
2.384744,12.765779,1.197667,148.815042,634.4370117,83179.91016,24173.73737,23.1317963
2.589451,26.492332,1.29451,239.401403,308.1470032,105783,20536.73469,17.47612657
2.57297,29.458361,1.317977,284.692479,163041,109968.7461,25829.12621,10.0623059
2.337626,11.306776,1.284974,105.86499,179.1269989,100094.5859,23516.16162,23.19525814
1.993542,13.75318,1.185202,448.295782,1653.680054,97419.44141,24608.08081,14.15980226
1.737828,18.602373,1.040487,292.843124,167609,74347.73438,28075.25773,28.87871188
1.718182,15.273887,0.922133,326.577496,167609,105721.9883,25784.15842,13.37684567
1.848208,9.457622,0.73534,611.978083,167068,104852.9766,21493,24.68926892
1.995125,8.508147,0.565179,141.309585,1031.530029,57706.06055,16743.13726,4.748157537
2.047011,12.547901,0.440257,187.038193,177756,91400.83594,28644.3299,26.27470266
2.042359,9.306603,0.359737,308.09894,177616,79261.08594,24782.65306,25.67099531
2.194082,8.39151,0.313808,295.738614,169088,73951.36719,25758.58586,13.93197761
2.515395,11.388023,0.270362,489.562698,181.3939972,80313.78125,24821.35922,27.16615541
2.760802,16.725398,0.240481,286.958598,105502,50305.85644,13188.88889,8.472012748
3.075785,11.025597,0.163173,303.483675,509.7000122,67743.97461,3714.583333,10.36822068
2.802769,4.575413,0.139389,190.734437,133125,56284.93359,14211.76471,7.549834435
2.215755,3.676561,0.122941,645.93436,102010,77602.73438,10568,8.885943957
1.405133,1.039678,0.11384,554.363686,638.5200195,65028.73828,2100.990099,8.588073125
0.611824,2.635375,0.104998,491.28946,79172.10156,60617.41016,5067.010309,5.522680509
0.160908,2.817572,0.091285,367.526462,91334.60156,62106.85156,12031.63265,5.376802024
0.041956,0.644748,0.07494,641.752529,91334.60156,43670.99023,13079,19.72713867
0.025958,0.427063,0.063374,744.437295,309.7489929,26143.76367,10814.56311,15.62113952
0.018342,0.15761,0.047935,215.498833,169.423996,42961.08984,2828.571429,4.995998399
0.018518,0.242039,0.037291,198.700079,74840.60156,33320.72266,1992.929293,4.149698784
7.140699,0.960305,0.678936,21.488531,279.9719849,65088.08984,259.223301,0.663324958
7.102909,0.604756,0.67291,100.508196,755.302002,61161.5957,1408.247423,0.836660027
6.238493,0.04238,0.634979,199.532231,469.8210144,73136.39648,5160.606061,5.699561387
4.791591,0.262237,0.580518,231.26011,71691.39844,63339.88867,3051.546392,8.461678321
3.328578,0.65074,0.540484,83.388074,1402.189941,67183.24219,4983.495146,19.54686676
2.454624,3.76919,0.570955,158.094109,459.8380127,66023.10938,6097,0.6
2.384804,2.993408,0.66024,367.038334,121167,64326.27832,2792.929293,4.419275959
3.614233,7.576267,1.071846,234.788075,132431,105663.4414,4939,4.031128874
3.949786,29.259243,1.206875,135.449843,153494,83503.48828,26622.3301,26.82629307
4.09046,35.947277,1.297098,237.52602,166189,119865.3438,22537.1134,13.54695538
3.852119,26.717632,1.31473,91.194351,158061,85010.60644,23089.89899,27.24885319
3.32856,14.881027,1.274545,296.236538,131903,98042.125,30031.95876,41.93173023
2.669654,9.137683,1.163769,337.612482,131903,89895.16016,29961.16505,28.39013913
2.124083,14.37371,1.007233,213.076858,131903,95847.30859,20608,17.93641547
1.969139,15.89555,0.882533,1026.971134,131903,85919.66992,24391.91919,28.73899789
1.913514,12.692567,0.685321,418.924535,204.701004,80529.03906,25091.75258,22.5
1.879302,19.384636,0.504714,224.874169,174932,80088.92383,24035,21.85062928
1.771705,22.186726,0.384233,342.167461,167070,80007.10156,28902,18.8320206
1.65981,17.918699,0.316778,540.788758,145339,83332.5,22918.62745,8.694826048
1.717957,10.783248,0.276373,740.909393,167145,117272.8184,23506.18557,2.931723043
2.024595,8.772668,0.239815,635.980141,151366,96532.34375,26690.90909,20.68816087
2.316439,9.34118,0.216965,305.32889,105502,48603.43457,14160.20408,16.92409525
2.653666,5.555876,0.184535,209.846795,106519,57853.55762,2836.893204,12.62853911
2.135011,3.842179,0.112948,960.35092,58.2900009,67821.31836,6150.515464,13.09408263
1.385775,2.027416,0.099578,611.070034,58.2900009,68865.94336,3728.712871,7.003570518
0.634206,9.523215,0.088011,81.980238,88243.5,66716.51953,6551,2.304343724
0.003718,0.147751,0.033936,547.449779,95274.89844,32468.58984,4125,7.836453279
0.007139,0.100467,0.017288,944.597667,89.8584976,16167.14282,416.326531,2.886173938
7.010472,1.460969,0.639954,258.199689,4775.060059,54178.00977,119.587629,0.921954446
8.232912,3.970941,0.676951,121.172586,279.9719849,51271.19922,924.242424,1
8.229454,3.750019,0.674378,244.777197,933.7559814,56476.57813,5787,3.283291032
7.356725,1.393585,0.641831,233.998524,389.9169922,65758.95703,2752.427184,7.174956446
5.850069,0.497112,0.598334,19.34162,71691.39844,65048.01953,1600,5.833523806
4.232242,0.288591,0.568776,116.749419,3774.889893,57618.70313,492.929293,6.403124237
3.072208,0.59025,0.671593,234.12537,215.503006,78001.72656,572.54902,3.567912555
3.475552,0.59915,0.753244,391.212581,446.6350098,97203.42969,7,1.161895004
4.344983,0.759397,0.898065,366.619948,134257,100768.2695,74,3.304542328
5.164677,6.24461,1.04254,272.722782,151284,102881.9531,2028.865979,18.56098058
5.641864,32.120327,1.164025,101.684215,144763,83299.1875,20763.63636,12.81600562
5.716114,31.430925,1.245613,379.168415,144763,108699.4844,26256,12.03744159
5.250483,27.935109,1.257201,78.902165,144763,110889.8477,24319.41748,49.31531202
4.474545,21.228862,1.2126,112.229641,144763,88614.82031,16887.62887,42.17677086
3.67483,10.60309,1.098694,246.02668,193.2899933,86961.53906,25418.18182,11.96745587
3.033299,11.645343,0.938949,130.937018,160366,88828.28906,25037.1134,26.40085226
2.764133,13.596747,0.811996,421.89087,131903,82686.43359,22195.14563,16.19691329
2.529469,13.51778,0.614582,231.647975,204.701004,83151.79688,15247,16.5598913
2.286177,16.181712,0.438008,519.681514,731.0150146,57886.21484,5276.767677,15.21512405
1.913503,14.850919,0.331752,942.496215,294.7470093,77219.5,20900,31.68737919
1.528061,11.068857,0.27746,1221.209561,644.4899902,75585.51172,21696,9.028288874
1.361714,5.908077,0.243885,795.103182,137955,92747.49219,18262.37624,9.726253133
1.542472,3.622486,0.214039,532.872319,151366,75146.78125,5230.392157,8.77211491
1.812689,5.407398,0.196503,443.769763,375.276001,65178.31055,8816.326531,8.530240325
2.163536,9.198746,0.171824,1010.784318,106519,54667.06641,9737.113402,13.29341942
2.35723,19.490265,0.149038,167.967175,106519,54616.48633,15523.23232,12.01998336
2.258284,31.157062,0.128313,699.305725,1186.109985,61967.53516,15583.16832,18.26198237
1.853741,7.172951,0.108682,186.634052,270.8370056,51024.89258,6013.861386,32.70947875
1.226857,0.697473,0.09294,681.392867,88243.5,20964.1875,646.938776,2.6
6.993834,0.243625,0.608246,333.479955,1197.199951,52482.36035,147,0.692820323
8.264503,1.981726,0.646143,283.719864,2423.389893,49271.01074,2561.386139,0.458257569
8.31019,4.342931,0.64764,172.182817,24089.30078,52759.94531,7229.896907,17.29103814
6.068401,1.020028,0.589786,315.997285,71691.39844,53143.69141,3994.949495,7.615773106
3.609721,0.211372,0.590557,229.980538,71691.39844,39140.0625,79.591837,6.62985671
3.586121,3.046729,0.652486,100.503619,116962,69420.00098,883.838384,3.551056181
4.080546,5.568373,0.721453,230.516873,216.348999,73749.49609,1571.134021,4.714870094
5.211519,6.178468,0.845197,69.560425,5709.569824,107908.3125,8078.431373,14.38749457
6.245157,5.546292,0.971664,203.828267,1769.530029,57012.05469,11351.48515,11.28716085
6.819786,8.873595,1.080342,144.261216,145641,96910.10547,13144,11.84905059
6.850189,21.668442,1.15382,176.108649,550.2379761,86186.19922,18009.27835,9.854947996
6.261556,53.924679,1.158831,119.309117,130996,91262.32813,30517.34694,5.264978632
5.437929,37.551796,1.109432,122.736812,130996,85708.64844,33296.07843,41.68273024
4.677209,12.300022,0.995786,421.483104,161280,80125.23047,29564.35644,17.68191166
4.019207,9.117994,0.839864,432.088583,162070,78194.90625,29403.0303,5.599107072
3.697937,10.908898,0.718092,670.944457,155087,84741.41797,14498.97959,21.03568397
3.314285,9.324161,0.533873,637.698467,157409,81695.25391,8906.060606,14.52136357
2.922827,19.585739,0.375429,413.33808,145223,71639.25586,11477,10.08464179
2.33721,26.863344,0.288457,687.424521,135349,73846.80859,19988.34952,18.61263012
1.685195,16.667978,0.242853,1160.785846,135349,73260.63672,27095.87629,6.949820142
1.209901,7.54704,0.214979,1133.23279,135349,101514.5723,20364.64647,31.63068131
1.163832,1.77878,0.190753,156.792253,135349,77666.09766,1944.329897,5.989156869
1.366703,4.812219,0.176987,5880.479916,133709,65039.20801,16196.1165,23.43074903
1.67237,16.105549,0.156784,5979.56741,994.8280029,43581.6875,20045,21.10687092
1.873795,27.285221,0.137397,6238.84211,106519,71175.11426,14519.19192,14.38436651
1.813645,45.504538,0.120115,6639.560291,106519,56758.14844,13924.74227,45.79126554
1.505116,17.154806,0.103534,8407.218125,88243.5,24984.07495,6262,16.59819267
1.039609,0.298821,0.088058,7542.352301,88243.5,29875.37207,508,8.497646733
7.110966,0.94033,0.589767,162.866357,404.3389893,47017.65625,361.386139,0.761577311
6.443272,0.991079,0.570577,160.617133,88.4238968,46123.07617,98.019802,4.849742261
3.577709,4.001993,0.601125,41.129156,71691.39844,64324.69922,4688.118812,4.023058538
4.154815,5.836483,0.654498,106.822838,71691.39844,70157.17969,4115.841584,3.923009049
5.346043,3.849469,0.753906,119.297255,1160.939941,75608.91406,9921.649485,18.62793601
6.390191,3.503859,0.859121,30.517532,870.6920166,73206.34375,2092.929293,6.164414003
6.944087,5.509551,0.953055,122.381771,438.4070129,100660.8398,3707.070707,4.308712105
6.960684,20.224825,1.016128,186.749968,936.5150146,87397.99219,14725.24272,12.18605761
6.416759,34.847999,1.016252,178.709242,2541.709961,73200.4707,20641.83674,18.97366596
5.736728,35.167672,0.965044,57.392847,92.1736984,87274.19531,31180.80808,13.84070085
5.125919,37.347209,0.857248,143.044024,92.1736984,81094.69531,29479.38144,12.56264303
4.580819,25.529789,0.715319,582.958504,226.9049988,70952.14063,18509.80392,7.79166221
4.264408,29.480584,0.608171,670.037672,150038,86247.33984,15566,16.54539211
3.85184,33.357988,0.452805,130.79558,155087,80904.64063,8376,17.21917536
3.412165,54.534479,0.32539,885.278627,131606,75805.78125,16143.29897,8.972179222
2.714739,45.65176,0.252346,6878.579579,156686,65475.94531,25209.09091,25.0998008
1.883193,17.770884,0.210618,6963.470359,150644,82797.44922,24089,28.5667639
1.170934,6.372924,0.18604,7187.330781,134733,88220.39844,6935.92233,9.86965045
0.9033,3.635565,0.165675,7537.785709,133272,66392.5625,4964.948454,3.934463115
1.008244,11.174172,0.153846,7349.379541,133272,60287.28906,22104.0404,20.22745659
1.252803,21.845871,0.136569,6648.632507,527.3519897,78476.6875,25906.18557,49.30963395
1.443462,19.398679,0.120873,6032.229476,123561,91904.64453,16179.61165,18.38803959
1.418107,11.823915,0.107521,2926.858691,88243.5,28400.26367,8138,8.660254038
1.206275,4.363528,0.094645,3918.295222,88243.5,28792.39746,6906,19.48075974
0.856663,0.670407,0.082553,4709.013054,181.1459961,38136.37109,1732.291667,8.702585823
0.49468,0.004027,0.068517,4703.46422,157.1950073,24624.22168,293,3.3
3.099745,4.070722,0.531034,253.235461,122870,72249.31055,4812.371134,15.22497947
3.734017,5.05485,0.570531,86.792921,71691.39844,67155.48242,7952.475248,16.35665002
4.81624,0.94004,0.645498,414.999864,71691.39844,58336.08594,5918,5.198557492
5.738748,0.327835,0.730088,180.842233,71691.39844,69189.18164,1453.465347,3.588871689
6.191669,2.599736,0.808777,69.062041,71691.39844,105034.2656,1816.494845,4.647580015
6.190131,13.186112,0.85888,251.153195,141898,64597.76367,7877.777778,15.86269208
5.774021,18.288963,0.853607,522.565267,256.1319885,58035.59522,6548.484848,24.74681798
5.290325,21.278217,0.803744,215.236977,1866.040039,64673.88672,23712.62136,3.845776905
4.881998,24.102237,0.708113,32.405149,135058,89342.59961,21134.34343,14.14213562
4.544318,17.524185,0.587811,257.534065,125184,96709.10938,11594.9495,9.485515273
4.332943,19.017441,0.500676,586.403634,128586,103955.1465,7340.625,8.472012748
3.998009,12.894079,0.377594,511.900084,51.0161018,77202.96875,2418.627451,12.86662349
3.58245,22.245846,0.275474,7950.936814,147969,68729.59863,13914,21.79449472
2.851737,23.084796,0.214277,8147.702841,130698,66285.09961,15990.09901,19.30388562
1.931763,6.812323,0.177468,8058.14213,130698,75169.66113,8280.412371,32.31934405
1.081897,1.044294,0.155599,7424.586428,130698,66670.66699,1467.676768,3.122498999
0.932936,17.097499,0.114052,6878.070671,527.3519897,68185.82617,18585.71429,32.03888263
1.081274,6.778993,0.102268,2964.757914,114964,43326.09863,13423.23232,16.65923167
1.067906,0.240698,0.092295,3946.685058,88243.5,16730.99853,4418.556701,7.393916418
0.904754,0.33081,0.083593,4935.047223,106519,19774.88696,7915.686275,15.65327442
0.623419,0.579875,0.074407,5697.248952,105459,22546.31641,3762,6.6
0.337209,0.747653,0.062272,2148.358707,112.1449966,13515.97998,1539,3.834057903
2.559437,2.637332,0.470351,388.191116,107062,81046.70313,9051,4.924428901
3.148407,4.386135,0.505072,168.388063,362.0339966,80375.86719,20776.76768,18.18144659
4.073292,1.763299,0.570252,726.889493,131462,56257.82227,12700,12.17990148
4.858663,2.636636,0.642952,217.610149,108776,61916.75391,4738,4.301162634
5.226677,2.018211,0.71055,1006.634236,71691.39844,90280.89063,2336,4.898979486
5.21678,2.214335,0.751639,362.288854,71691.39844,69115.38281,7056.862745,12.71613149
4.876484,6.516523,0.74441,412.556294,71691.39844,70532.95703,1413.402062,5.76020833
4.505767,10.290301,0.697227,290.20919,71691.39844,28109.22852,13126.26263,6.382789359
4.267205,7.366997,0.612101,132.624154,71691.39844,69187.66016,7502.040816,23.28422213
4.114229,9.139345,0.50876,239.893909,107034,98054.96875,6886.407767,9.764220399
4.030865,7.793539,0.434307,178.929086,51.0161018,95127.30469,955.555556,1.71464282
3.847057,3.594909,0.326707,8823.056323,362.2380066,52769.78516,7.070707,8.854377448
2.760433,6.016152,0.186204,7760.172336,361.6119995,5102.771484,3746.534653,16.76782633
1.838164,2.05938,0.15438,3034.533331,361.6119995,52577.98438,2689.108911,6.216108107
0.994068,0.42788,0.135437,3992.502133,119851,26154.29395,3657,8.304817879
0.803852,0.051862,0.081232,4966.244989,88243.5,12262.4043,3222,5.196152423
0.439276,0.804725,0.067672,3123.873621,106519,5746.388184,1550.505051,8.306623863
0.214634,1.19354,0.05712,3109.451869,73.6185989,14192.17139,11764,27.11088342
0.011196,1.529636,0.032112,680.818618,987.2659912,13012.38281,6731.632653,6.75203673
0.004362,0.687943,0.024974,98.476487,91104.29688,50486.38281,4047.959184,11.37958699
1.240915,0.422545,0.331245,576.924187,578.1359863,57710.36719,891.919192,3.924283374
1.673073,2.637273,0.364735,131.737761,110788,100759.8516,5577.319588,1.732050808
2.067659,4.999449,0.395155,277.523731,121389,94273.32422,16539.80582,10.35615759
2.668564,3.86776,0.451881,661.158016,102865,49513.51636,12341,27.3117191
3.466437,9.231904,0.570161,508.734036,544.6400146,82815.83008,8443.877551,11.69401556
3.455948,5.205127,0.599929,435.055052,97598.5,68951.72266,9906.060606,14.08456602
3.165061,8.604194,0.591015,1400.422188,920.4349976,83105.11328,20830.39216,28.72429285
2.918235,7.382709,0.550177,1871.03257,211.9470062,68139.58984,20496.0396,8.544003745
2.9444,3.537374,0.478127,1470.796983,71691.39844,56577.09473,14967.01031,7.202430145
3.099948,1.535859,0.39228,285.699662,71691.39844,74352.32813,3948.979592,7.582875444
3.224522,0.812834,0.332414,817.018012,71691.39844,44470.52881,230,6.8556546
3.282166,0.860729,0.249822,871.330959,71691.39844,65135.14258,395.049505,6.557438524
3.047024,3.270868,0.184601,940.368716,105394,50339.13965,1321.568627,5.830951895
2.391018,9.627304,0.142913,3797.134452,2273.669922,55991.33594,14164.94845,10.34456379
0.025178,0.75125,0.037575,4099.13745,121.0839996,49226.95117,2021.212121,5.830951895
0.006725,1.173921,0.026997,3995.058765,97779.20313,54460.63867,1884.848485,3.320391543
0.002377,0.434203,0.021576,1989.879053,91104.29688,50820.0625,2647.572816,2.867054237
0.076696,0.7785,0.273014,821.446728,408.5769958,39777.43408,2640.40404,8.717797887
0.661821,0.406749,0.22495,784.491284,114647,103874.3867,8471.287129,5.272570531
0.885921,1.86094,0.2535,646.227582,733.0059814,93662.67969,6793,20.97617696
1.080709,2.545867,0.281119,487.038033,278.0299988,78404.92969,7069.791667,7.577598564
1.359348,2.250566,0.331732,671.134868,116764,46446.96924,4429,13.18635659
1.770803,9.013172,0.428539,476.857819,97598.5,66117.79053,12462.13592,16.25115381
1.733415,5.924262,0.449547,436.679518,97598.5,51654.78516,12986.59794,17.19738352
1.493711,11.677721,0.440097,680.43514,131727,53556.73731,22907.07071,18.95784798
1.36012,10.341374,0.405891,1077.01002,135058,92080.62891,30821.64949,20.86540199
1.587586,6.57952,0.348151,1152.35683,148.6029968,65851.83496,21259.2233,26.19160171
1.996889,2.220845,0.280417,1021.515419,341.8320007,65363.53711,15004,19.1749837
2.441672,0.888219,0.174558,701.634729,307.5899963,59706.57031,1321.649485,6.099180273
2.295096,9.195667,0.128688,1048.84794,3179.23999,55620.04883,5264,7.245688373
0.152915,0.819188,0.05127,153.502141,102417,16881.42615,1613.265306,6.170899448
0.091345,2.826643,0.049321,3349.648121,9941.269531,33248.67163,3516.494845,7.09718254
0.031644,1.349369,0.037179,4037.359775,688.2709961,16012.21301,2888,1.620185175
0.016988,0.307399,0.028714,2364.300742,8136.620117,25537.0918,720.588235,3.391164992
0.546277,0.28778,0.527289,957.760653,50485.60156,23222.11914,998.989899,2.291287847
0.0225,1.523678,0.21897,252.465981,82457,42020.18555,3516.831683,1
0.378762,0.033578,0.133075,276.042461,94519.89844,16261.96582,11624.24242,19.46239965
0.455466,0.824161,0.133026,367.862001,94519.89844,71678.44531,9761.85567,15.05988048
0.503134,1.610045,0.152808,220.853104,733.0059814,61600.57031,9538.235294,9.994998749
0.636099,3.658026,0.293519,493.241254,97598.5,75991.32813,9990.909091,31.62467391
0.573364,3.591691,0.307211,416.661216,115405,58217.11328,16471,32.69403615
0.458531,4.856535,0.298316,600.151384,131727,31998.48145,21586.40777,15.03994681
0.418568,4.759301,0.272293,259.124982,274.7709961,62075.73047,14163.91753,17.84040358
0.656669,4.419804,0.229938,423.991919,1186.640015,49043.4082,8003.030303,13.78695035
1.277577,0.869887,0.149835,847.175389,238.4259949,35686.03125,84.466019,4.582575695
1.446952,3.658793,0.111496,456.687377,110685,48664.57422,2095,3.2984845
1.375198,21.860572,0.084429,132.985536,96914.89844,23663.96191,18471,30.12474066
1.056195,22.799757,0.070239,3329.631016,367.4289856,66877.10938,18836.08247,14.99299837
0.077483,1.022643,0.035954,1485.510805,102417,20537.9707,4127.184466,13.15294644
0.042741,1.747144,0.034379,489.798017,101272,26989.72803,10941,18.6681547
0.034687,0.202727,0.030558,501.05887,80076.39844,27463.08594,3393.939394,5.494997725
0.023512,0.210428,0.018049,125.901925,82959.10156,34156.36328,1075.757576,2.64952826
0.025734,0.219389,0.019917,285.373702,57807.80078,14708.7417,540.40404,3.883297568
1.072573,0.13401,0.686343,533.79507,65566.60156,966.29187,1820.20202,1.414213562
0.067181,0.165142,0.269143,78.683598,71145.39844,11724.67688,1371.717172,4.236153916
0.028679,0.445259,0.169743,92.659239,74883.5,34438.78174,5562.886598,2.969848481
0.164096,4.347311,0.172282,225.480118,371.0419922,47806.44824,18162.37624,22.28227996
0.133889,4.626006,0.179415,659.078001,211.2039948,45932.08984,18601.03093,19.58213472
0.105411,4.584746,0.171822,300.22748,278.9960022,50419.15332,21646.46465,17.1043854
0.578005,24.03903,0.054562,193.86462,127618,28902.91589,17178.43137,14.70238076
0.482496,21.874699,0.045233,400.221032,195.1629944,45892.53906,10189.10891,27.07858933
0.392835,5.079273,0.035574,3255.064465,102229,73341.79883,11481.81818,7.765951326
0.351623,2.553112,0.027237,2257.373672,908.4940186,55588.26074,7352.040816,14.57532161
0.113296,0.215605,0.021736,1259.697126,80076.39844,32078.27441,1093.877551,3.8
0.049827,0.006962,0.020355,777.073098,80076.39844,85545.29297,601.010101,9.126883367
0.013645,0.229691,0.0121,138.00493,67300.10156,56660.55273,3723.469388,2.872281323
0.02227,0.164766,0.013935,624.336721,94260.10156,31722.53711,554.368932,5.084289528
0.029422,1.087447,0.016272,383.057173,89461.20313,32885.05664,8915,3.794733192
0.031905,0.92921,0.018009,277.713682,505.8250122,18129.80103,3448.484848,2.179449472
0.030032,0.479873,0.018956,253.406679,83657.89844,9478.112305,1130.208333,1.024695077
0.11934,3.262546,0.085665,106.391855,115265,44708.04102,26549,19.71040334
0.105166,2.286389,0.088322,482.4143,119497,42624.25391,21928.43137,20.75283113
0.083709,5.763887,0.083802,214.836213,278.9960022,37261.87402,21460.60606,18.14607396
0.170479,0.578488,0.038367,600.081041,111949,28195.10938,1289.108911,8.953211714
0.216631,14.69328,0.032646,1448.699068,104132,24845.92188,26255.20833,21.31900561
0.253037,20.213458,0.026006,1831.619347,109773,35296.99219,28372.72727,31.75137792
0.279632,1.242041,0.019659,2346.345007,101234,32986.96094,10648,10.8853112
0.274204,0.381419,0.014605,3320.961491,91306.20313,42264.24609,4680.582524,12.00020833
0.024384,3.372631,0.009585,492.165755,118.7009964,36045.57813,2102.061856,7.000357134
0.030425,1.32498,0.013354,996.869046,1809.680054,28134.71875,4907.216495,2.449489743
0.032949,1.408425,0.014858,245.089224,318.6210022,23788.61328,665.048544,5.019960159
0.031045,2.154839,0.015684,82.179745,78461.5,12469.85742,2226,7.866066361
1.199028,0.892649,0.652933,2608.79694,74.0513992,3770.359741,1358,1.240967365
0.208505,0.108484,0.01431,1927.957117,129.1450043,10396.81287,504,29.62566455
0.145369,14.038008,0.011848,459.473214,109773,30592.45605,28170.29703,2.39582971
0.178099,2.500046,0.007869,414.950384,765.5490112,27490.20215,30305.15464,10.27034566
0.187545,1.982387,0.00582,647.913116,1652.180054,20027.0376,19201.0101,16.0623784
0.029582,0.821477,0.011036,1220.683549,134.897995,18643.25928,1.030928,5.388877434
0.02778,2.020478,0.011698,591.773227,71339.10156,12058.22852,3561.85567,13.38207757
1.405365,0.398385,0.589018,633.594094,3841.780029,9981.851074,2840.40404,5.584353141
0.305581,0.29137,0.004411,2138.601965,129.1450043,12735.17212,1166,5.888548208
0.340061,0.038522,0.001092,1218.539831,129.1450043,12232.16553,2199,4.112177039
0.370661,0.307541,0.000922,1652.911427,70979.79688,18551.43628,250,1.4
0.022839,0.080491,0.005647,2610.21611,131.7420044,22350.98462,11665.97938,17.9511838
0.024027,0.005402,0.004892,1124.727816,99439,12190.73022,14158.58586,5.982056503
0.379045,0.011112,0.00094,915.972277,63056.10156,28994.21973,397.058824,0.3
0.466312,0.050281,0.006555,1971.611234,59.4243011,12458.75293,1031.313131,1.29614814
0.026043,0.006773,0.0037,2466.068567,153.6999969,3707.467529,9708.823529,6.173734688
0.027301,0.045021,0.003317,1729.941914,98120.89844,2005.209961,15367.32673,26.72863633
0.40009,0.096187,0.010586,1345.957135,79991,22453.48477,5890.909091,6.7867518
0.031173,11.758601,0.001369,325.959949,98901.10156,24282.40869,10400,15.72418519
0.032253,2.496853,0.001071,100.569749,98120.89844,18763.49805,12954.36893,13.26310673
0.145029,0.014061,0.016795,2628.726045,54305.5,22915.27148,2231.25,6.95413546
0.032254,4.008632,0.001444,999.642649,31.5552998,17117.44092,10951.45631,24.63818175
0.030404,0.938608,0.00056,695.408202,85772.60156,30857.5332,5165.656566,12.31909088
0.033237,0.473454,0.013471,462.489915,150.3739929,8481.541748,386.138614,1.122497216
0.19914,0.623948,0.01964,852.665672,115.987999,34948.44238,11806.79612,8.090117428
0.149527,0.025697,0.019659,738.407598,115.987999,31884.59277,3118.181818,2.473863375
0.165297,0.133971,0.02324,293.292645,56738.89844,7211.145508,6312.121212,11.38946882
0.191721,0.289416,0.024031,699.485872,83391.5,40108.52441,9176.699029,4.247352116
0.196267,0.691604,0.025406,415.650858,82120.10156,7332.89299,7971,6.320601237
0.014188,0.041034,0.007254,348.232574,54793.89844,36759.05859,1347.572816,2.610555496
0.019117,0.313782,0.008822,409.049051,370.6579895,33677.39844,709.278351,5.311779363
0.116679,0.870381,0.023005,239.859286,76594.5,27663.93018,11906.06061,6.131883887
0.0779,1.491868,0.019097,467.940992,67401.89844,16011.83789,8571.875,6.289674077
0.039853,1.141443,0.014416,387.971424,67401.89844,21955.74365,2883.333333,4.890807704
0.144266,0.075112,0.026901,442.295691,841.7310181,14336.45752,428.282828,6.8556546
0.11213,0.122766,0.023005,1180.755918,65725.29688,10075.91943,3623.300971,2.749545417
0.074106,0.502846,0.019097,323.341074,137.3549957,8508.472656,4598.989899,7.07071425
0.115367,12.189765,0.173452,351.024922,57.9971008,29507.13281,26099,17.60908856
0.106992,8.918264,0.153372,729.055643,57.9971008,34853.41016,26040.20619,11.74734012
0.09078,0.433668,0.122884,681.508454,57.9971008,29368.93164,20243.43434,10.67707825
0.069266,0.046522,0.084568,698.380649,806.427002,21931.53516,2459,6.204836823
0.157978,21.001968,0.25048,1650.787053,86080.39844,33410.86865,31770,18.91665932
0.151058,10.332659,0.224605,1961.002752,317.9909973,26115.94238,23132.03883,19.62421973
0.152013,1.032561,0.185555,263.871735,2469.969971,32961.22803,14908.16326,16.53904471
0.152307,0.250995,0.135253,247.454779,369.6679993,26201.3291,6866.666667,6.920982589
0.935685,39.884999,0.172231,476.565039,67438.5,1412.182068,1583.673469,7.240856303
0.299591,5.716387,0.322047,246.15435,1059.290039,24274.06934,15555.6701,12.45391505
0.318859,2.144051,0.292043,617.748242,1511.319946,26717.56543,8311.111111,10.68877916
0.31303,0.264198,0.246229,600.392455,58182.10156,24375.27783,1622.222222,5.047771786
0.047101,0.079653,0.023144,300.241788,161.6360016,3148.70813,6.060606,2.549509757
0.600023,2.229614,0.165119,686.289288,329.5090027,11338.13794,10221.78218,11.04875559
0.823595,4.857296,0.147375,326.699217,62852.60156,14894.78418,3290.721649,10.50999524
0.97557,5.948585,0.164006,947.941348,62852.60156,5063.094055,1233.333333,6.7867518
0.052145,0.009096,0.040099,1254.845862,24320.69922,6223.969971,179.207921,0.871779789
0.812986,7.695514,0.161329,751.90947,62852.60156,7309.060059,627,3.939543121
0.571833,0.171419,0.251946,580.869512,44.7303009,21838.22559,558.823529,2.323790008
0.652582,0.001715,0.437388,1396.272728,279.4289856,3585.141602,665.346535,3.524202037
0.803969,0.21826,0.394493,310.97452,61177.30078,7899.762207,377.319588,2.336664289
0.027813,0.393534,0.014867,1276.784677,77.1611023,1011.98621,495.145631,0.793725393
0.683266,0.285504,0.36528,734.93005,44.7303009,2820.943115,584.536082,3.824264635
0.470187,0.036068,0.348108,443.711314,44.7303009,1525.063919,699.019608,1
0.07734,0.630553,0.016868,2078.673357,54289.5,13029.20947,1651.485149,6.238589584
0.088167,0.715393,0.022169,1625.844322,15.2770996,17651.2605,1952.525253,2.439262184
0.047324,0.794504,0.014953,842.471537,52518.89844,15038.98438,4508.247423,4.790615827
0.025179,0.159941,0.102785,453.408368,50686.5,1498.032837,516,1
0.09392,0.544655,0.022926,1112.418154,54289.5,8369.088623,1192.857143,11.95135976
0.161264,1.305815,0.039158,478.058394,15.2770996,15133.29199,2387.128713,3.524202037
0.030168,0.417702,0.108236,181.627309,82.2820969,490.660721,236.734694,0.994987437
0.130138,0.46877,0.047709,2567.767515,79.9382019,10103.00855,3553,3.937003937
0.55217,10.056963,0.086012,1535.834712,149.177002,29596.87109,17857.73196,4.847679857
0.328633,0.002526,1.672675,2411.278803,31308.59961,4767.683899,65.979381,4.274342055
1.427423,0.251793,2.085558,710.61924,45635.10156,7006.975464,71.84466,2.783882181
1.854997,3.080757,2.059476,463.667314,132.0200043,6323.531494,92.857143,1.106797181
2.059627,2.720724,1.918044,1382.166069,45625.39844,4570.580994,302.020202,1.691153453
2.031735,0.384151,1.703495,2503.819043,200.4779968,3129.184204,177.55102,1.959591794
0.568602,17.925573,0.108857,508.658409,149.177002,28475.55273,18261,9.347459548
0.32457,0.119508,0.104399,539.942909,59782.10156,7146.568848,371.134021,1.47478812
0.132597,0.009691,1.380772,2938.79572,31308.59961,8123.3125,405.940594,2.523885893
0.613667,0.070991,1.912811,1448.375536,40802.60156,11155.05273,432.323232,2.163330765
1.66242,9.758892,2.085292,902.550993,45625.39844,5415.219727,341.176471,6.8556546
1.825944,7.390678,1.94578,928.799199,45625.39844,5268.793213,620,7.987490219
0.569725,5.455835,0.146492,2639.273606,60927.5,23921.69727,4465,16.36734554
0.485672,0.081394,0.1416,1698.348319,63066.69922,16620.21875,944.554455,5.868134286
1.361152,1.557737,1.893808,631.839857,78.2658005,5645.019897,103.092784,1.024695077
0.38431,2.141922,0.151776,3468.819511,230.3099976,24947.73828,1694.949495,3.367491648
0.428938,0.166866,0.230242,590.142927,52344.30078,15739.90527,597.959184,4.892851929
0.357824,0.265574,0.31013,1115.892058,52988,18172.04395,1176.470588,2.297825059
0.553542,0.263668,0.338122,1158.0922,52988,29195.13232,89.795918,0.964365076
0.106572,1.133958,0.013538,1374.765504,40272.5,20628.79395,14490,11.92161902
0.094307,0.647626,0.011807,1533.220237,12.3797998,23394.94189,8817.475728,3.303785707
0.793746,7.70E-05,0.495569,804.883014,1482,34005.92578,23.469388,0.98488578
0.143485,2.728823,0.013618,2067.726245,291.8850098,28680.4375,24680.41237,15.24057086
0.119977,2.077091,0.012407,1803.37676,43955,22392.21484,25148.48485,18.77338542
0.084697,0.54978,0.010774,1721.577349,40272.5,19094.31445,9731.313131,4.795831523
0.418176,1.403573,0.778552,1382.317924,488.2080078,1686.528946,984.313725,0.953939201
2.918779,0.236021,0.434395,853.675072,47040,12861.97815,469,6.577233461
2.418113,0.341171,0.335549,2095.855295,26.0753994,3549.855957,1969.69697,3.082207001
0.180231,2.033155,0.013332,900.391415,51536,22197.55078,14892,18.58668879
0.149982,2.362379,0.01238,1383.144209,40584.30078,18807.02856,23305.88235,25.5478962
0.1005,1.103531,0.010749,1152.949825,246.6060028,17096.42432,13341.66667,7.05513997
0.519364,0.096458,0.165752,1132.283272,38.0635986,9694.276245,1180,0.2
3.708554,1.947222,0.583126,1886.840539,47838.80078,2735.427578,603.061224,18.37117307
3.133264,1.214871,0.457694,2183.663016,355.6610107,1207.706207,443.137255,2.765863337
2.522272,0.099975,0.369946,2744.86571,26.0753994,885.829544,390.09901,2.049390153
0.196503,1.429439,0.011655,584.606736,42818.19922,19310.63379,18547.47475,3.397793402
0.133827,0.871429,0.010074,450.303324,40725.60156,15269.07422,11334.65346,18.45589337
0.45537,0.433378,0.111207,518.231285,38.0635986,8872.304688,2623.762376,3.646916506
0.627136,0.346245,0.218899,357.158223,375.0119934,17158.56348,2325.490196,7.974020316
0.588405,0.053374,0.301085,485.454495,56671.69922,17584.82227,5253.608247,10.28785692
0.496613,0.01378,0.36521,47.051428,55732,13164.81836,6452.525253,4.766550115
0.333166,0.799815,0.84841,507.409995,35909.30078,794.613159,1013,0.612372436
4.076891,4.950194,0.73562,16.077885,47838.80078,2077.747711,974,1.428285686
3.469695,0.512975,0.588124,349.520293,355.6610107,30.142609,1220.618557,3.270321085
0.261049,0.051723,0.011065,2047.004264,231.8950043,18610.9082,3863.106796,8.368392916
0.228464,0.468075,0.01034,2653.268187,40725.60156,19317.1123,2213.402062,3.305298776
0.163358,0.28002,0.009038,3087.369511,111.1240005,13461.20606,590.909091,6.85857128
0.463767,0.126647,0.093378,946.614689,38196.80078,17209.44434,926.804124,1.454303957
0.444703,0.529238,0.125119,107.783956,1408.98999,19998.38525,6153.535354,3.16227766
0.369349,0.603055,0.17556,524.991524,54696.30078,18328.93848,18187,15.07895885
0.286264,0.290814,0.223115,944.262033,37267.69922,15582.91846,6800,9.617692031
0.152482,0.047222,0.308911,615.556757,37267.69922,13534.19531,1327.835052,0.946044396
0.49832,0.962082,0.810151,284.244725,40798.39844,471.580956,62.745098,0.916515139
0.34571,1.177077,0.060027,1542.437799,53798.19922,19197.95996,16172,10.81665383
0.26235,1.370214,0.077913,804.207339,181.2089996,18796.81836,18071.13402,13.98248905
0.18877,0.165526,0.105679,389.932964,48815,17042.35742,3029.292929,2.006240265
0.560621,1.330941,0.916213,198.122408,40423.10156,557.538208,345.454545,2.121320344
0.599266,3.170099,0.945214,200.460405,185.6049957,348.831573,759.59596,1.697056275
0.225692,0.508951,0.02539,1284.176973,56823.5,20743.74463,7113.861386,17.21932054
0.160723,0.62185,0.02872,1024.531661,595.1879883,22392.84814,24774.5098,22.53574938
0.106959,0.196785,0.037013,168.511804,58720.10156,17902.11426,11316.16162,2.3
0.6094,1.539284,1.018096,2139.309066,1154.75,303.800728,256.31068,0.574456265
0.658093,2.41959,1.285576,870.034125,40180.69922,330.392365,681,1.274754878
0.228624,0.051546,0.143053,4302.841599,100.7080002,4047.334961,25.510204,0.360555128
0.123855,0.500037,0.013152,6053.838887,36817.89844,389.866877,251.456311,1.122497216
0.073264,1.821617,0.241105,715.679881,71.8536987,14413.70361,958.585859,2.054263858
0.061764,0.805129,0.343339,2079.966683,18885.90039,8800.223633,714.851485,1.833030278
0.077577,2.301226,0.278138,1044.494518,205.7400055,13772.62158,326.804124,1.47478812
0.019888,3.172889,0.567846,1285.364493,39.3885994,12779.95508,53.061224,1.224744871
0.013393,2.262381,0.577763,2354.322374,27.5121002,20893.24463,264,1.846618531
